firm_id,firm_name,exchange,ticker,country,year,employees,female_employee_pct,source_url,source_locator,reporting_scope,source_status,notes
SA_2222,Saudi Arabian Oil Company (Aramco),Saudi Exchange,2222,Saudi Arabia,2021,68493,5.6,https://www.aramco.com/-/media/publications/corporate-reports/reports-and-presentations/2025/fy/sections/ara-2025-sustainability-english.pdf,Annual Report 2025 p.74 / PDF page 7,Saudi Arabian Oil Company,verified_public,"2025 report provides a five-year comparable workforce series."
SA_2222,Saudi Arabian Oil Company (Aramco),Saudi Exchange,2222,Saudi Arabia,2022,70496,6.4,https://www.aramco.com/-/media/publications/corporate-reports/reports-and-presentations/2025/fy/sections/ara-2025-sustainability-english.pdf,Annual Report 2025 p.74 / PDF page 7,Saudi Arabian Oil Company,verified_public,"2025 report provides a five-year comparable workforce series."
SA_2222,Saudi Arabian Oil Company (Aramco),Saudi Exchange,2222,Saudi Arabia,2023,73311,7.2,https://www.aramco.com/-/media/publications/corporate-reports/reports-and-presentations/2025/fy/sections/ara-2025-sustainability-english.pdf,Annual Report 2025 p.74 / PDF page 7,Saudi Arabian Oil Company,verified_public,"2025 report provides a five-year comparable workforce series."
SA_2222,Saudi Arabian Oil Company (Aramco),Saudi Exchange,2222,Saudi Arabia,2024,75118,7.9,https://www.aramco.com/-/media/publications/corporate-reports/reports-and-presentations/2025/fy/sections/ara-2025-sustainability-english.pdf,Annual Report 2025 p.74 / PDF page 7,Saudi Arabian Oil Company,verified_public,"2025 report provides a five-year comparable workforce series."
SA_2222,Saudi Arabian Oil Company (Aramco),Saudi Exchange,2222,Saudi Arabia,2025,76664,8.2,https://www.aramco.com/-/media/publications/corporate-reports/reports-and-presentations/2025/fy/sections/ara-2025-sustainability-english.pdf,Annual Report 2025 p.74 / PDF page 7,Saudi Arabian Oil Company,verified_public,"2025 figure is undergoing limited assurance per the report footnote."
SA_7010,Saudi Telecom Company (stc),Saudi Exchange,7010,Saudi Arabia,2023,22751,,https://www.stc.com.sa/content/dam/stc/stc-annual-report-2023/ar/assets/img/pdfs/Business_Model.pdf,Annual Report 2023 pp.30-31,stc Group,verified_public,"Group-level headcount. The 2023 report also says a three-year workforce right-sizing plan would commence in 2024."
SA_7010,Saudi Telecom Company (stc),Saudi Exchange,7010,Saudi Arabia,2024,19863,,https://www.stc.com.sa/content/dam/stc/stc-annual-report-2024/assets/img/pdfs/business-model.pdf,Annual Report 2024 pp.31-32,stc Group,verified_public,"Group-level headcount; comparison requires restructuring/divestiture audit before use as an outcome change."
SA_2280,Almarai Company,Saudi Exchange,2280,Saudi Arabia,2024,43918,,https://annualreport.almarai.com/financial-statements/consolidated-statement-of-financial-position/,Annual Report 2025 employee-benefit demographic assumptions,Almarai Group GCC employees,verified_public,"GCC employees used in actuarial demographic assumptions; scope differs from 50,000+ group workforce headline."
SA_2280,Almarai Company,Saudi Exchange,2280,Saudi Arabia,2025,46997,,https://annualreport.almarai.com/financial-statements/consolidated-statement-of-financial-position/,Annual Report 2025 employee-benefit demographic assumptions,Almarai Group GCC employees,verified_public,"Use only in like-for-like GCC employee comparisons."
