source_url,final_url,status,sha256,local_path,mime_type,size_bytes,retrieved_utc,etag,last_modified,error
https://annualreport.almarai.com/supplementary-information/almarai-group/,https://annualreport.almarai.com/supplementary-information/almarai-group/,archived,69d1cc36270dc45842af0ca030f461fc1aa5e46af4965da4e613de4c2a76bf19,data/raw/source_archive/94fac6b3b2c40fd8ef7ba289-69d1cc36270dc458.html,text/html,527308,2026-08-09T16:11:10.700513+00:00,"""80bcc-64e635d8d5eb7""","Wed, 01 Apr 2026 10:15:38 GMT",
https://assets.dfm.ae/docs/default-source/dfm-ir/annual-report/dfm-integrated-report-2025-english.pdf?sfvrsn=9f119281_0,https://assets.dfm.ae/docs/default-source/dfm-ir/annual-report/dfm-integrated-report-2025-english.pdf?sfvrsn=9f119281_0,archived,18e5af2b68e748c02dbbc42d58fd7ee49aed8f8e80b17adba83ca1bc2e62f58f,data/raw/source_archive/102a8657f19718cc7886e8a7-18e5af2b68e748c0.pdf,application/pdf,21221752,2026-08-10T13:33:06.417424+00:00,,"Mon, 16 Mar 2026 06:11:37 GMT",
https://bsf.sa/english/news/bsf-strategy-2030,https://bsf.sa/english/news/bsf-strategy-2030,archived,41b95865a22dfd495af0cd6dfd7522361bbd94ba8d77b4c812a396b5c8bed8f8,data/raw/source_archive/c6336ff9c8030e6607588407-41b95865a22dfd49.html,text/html,100623,2026-08-09T16:24:18.654759+00:00,,,
https://bsf.sa/library/assets/Gallery/Documents/AnnualReports/Annual-report-2018-English.pdf,https://bsf.sa/library/assets/Gallery/Documents/AnnualReports/Annual-report-2018-English.pdf,archived,d5855f6e143fdba86f5afdd48a7a9ea0ca08bd916f6fae3a25f6d6acc7925433,data/raw/source_archive/cd3f4d7e510af1f4da6cfe3c-d5855f6e143fdba8.pdf,application/pdf,7344633,2026-08-09T17:03:58.118510+00:00,"""a4588f9f2028dd1:0""","Sun, 09 Aug 2026 17:00:47 GMT",
https://bsf.sa/library/assets/Gallery/Documents/AnnualReports/BSF-2025%20Integrated%20Annual%20Report.pdf,https://bsf.sa/library/assets/Gallery/Documents/AnnualReports/BSF-2025%20Integrated%20Annual%20Report.pdf,archived,0d699d12268493cf98b792059d041ebf961820e85082b674095246d4c8260703,data/raw/source_archive/502c91c20cc96dc5856a08d1-0d699d12268493cf.pdf,application/pdf,18155134,2026-08-09T17:03:58.119336+00:00,"""81f1ba12028dd1:0""","Sun, 09 Aug 2026 17:00:49 GMT",
https://bsf.sa/library/assets/Gallery/Documents/AnnualReports/BSF_Annual_Report_2019-ENG.pdf,https://bsf.sa/library/assets/Gallery/Documents/AnnualReports/BSF_Annual_Report_2019-ENG.pdf,archived,8382f47cd57502500cfbeb2c1919897881671e8b3f64a1b2e059f695f80a4528,data/raw/source_archive/c5a808268c74a5571474a53a-8382f47cd5750250.pdf,application/pdf,3543479,2026-08-09T17:03:58.119675+00:00,"""bcd0669f2028dd1:0""","Sun, 09 Aug 2026 17:00:46 GMT",
https://bsf.sa/library/assets/Gallery/Documents/AnnualReports/BSF_Annual_Report_2024_English.pdf,https://bsf.sa/library/assets/Gallery/Documents/AnnualReports/BSF_Annual_Report_2024_English.pdf,archived,2163bf8f15ac8060cddc0ebf8af0942d59e5b67971326d0c1a5c01c3a4001797,data/raw/source_archive/a77112106896cc5e61494044-2163bf8f15ac8060.pdf,application/pdf,34648607,2026-08-09T17:03:58.121177+00:00,"""c7acc7a02028dd1:0""","Sun, 09 Aug 2026 17:00:49 GMT",
https://bupa.com.sa/en/IR/FinancialInformation,https://bupa.com.sa/en/IR/FinancialInformation,archived,90b71cf56f212d80a66d2ac2b5bdcbf664fd8767e949a5bebe8fac0386d6acf5,data/raw/source_archive/ad350f12c3b47ba4aa575f1a-90b71cf56f212d80.html,text/html,556860,2026-08-09T16:24:18.655592+00:00,"""17znymorja3buan""",,
https://bupa2021.annualreport.plus/en/annual-report/business_review/intellectual_capital.html,https://bupa2021.annualreport.plus/en/annual-report/business_review/intellectual_capital.html,archived,098ce11e899626514d6aee8b3a734fc0e53d92e52676a1f65da091b7d526d303,data/raw/source_archive/0d836a9cc8100d0796eba7f1-098ce11e89962651.html,text/html,24308,2026-08-09T16:24:18.656265+00:00,"""5ef4-5e284f108cec0""","Tue, 28 Jun 2022 16:58:11 GMT",
https://buy.bupa.com.sa/docs/default-source/annual-reports/bupa-arabia-ar22_english.pdf,https://buy.bupa.com.sa/docs/default-source/annual-reports/bupa-arabia-ar22_english.pdf,archived,9c23f3ff1fe4550cbd2c9e5fd22209b24589d320da5ec8cbb5f260ba5c650324,data/raw/source_archive/911d415d05c9fcc3c91a0d0b-9c23f3ff1fe4550c.pdf,application/pdf,2960995,2026-08-09T16:24:18.656468+00:00,,"Tue, 08 Jul 2025 14:44:31 GMT",
https://buy.bupa.com.sa/docs/default-source/annual-reports/bupa-arabia-ar23_english.pdf,https://buy.bupa.com.sa/docs/default-source/annual-reports/bupa-arabia-ar23_english.pdf,archived,c579dcd0e6f35afb3e95e6093689da28b6ce32e2bfd702f49b5bd450a3b6ca89,data/raw/source_archive/7b19e813e5705f50249c4cb1-c579dcd0e6f35afb.pdf,application/pdf,2703276,2026-08-09T16:24:18.657456+00:00,,"Tue, 08 Jul 2025 14:45:23 GMT",
https://buy.bupa.com.sa/docs/default-source/annual-reports/bupar24_english.pdf,https://buy.bupa.com.sa/docs/default-source/annual-reports/bupar24_english.pdf,archived,f3eb653d6a5c693d3586cf973e1b7f8a67cb5e2d45b64b9e7e71798f76fd847d,data/raw/source_archive/5d25101d8932643b49c1bc89-f3eb653d6a5c693d.pdf,application/pdf,4540490,2026-08-09T16:24:18.658494+00:00,,"Tue, 31 Mar 2026 12:29:32 GMT",
https://cdn.emiratesnbd.com/assets/pdf/2023-J/integrated_report_strategic.pdf,https://cdn.emiratesnbd.com/assets/pdf/2023-J/integrated_report_strategic.pdf,archived,e2ac9aebaba409176a9509b043e61f81db01981d2e6d1b80f631438032f3b55d,data/raw/source_archive/6ac4bd3c9a48a971d9db85f8-e2ac9aebaba40917.pdf,application/pdf,4638324,2026-08-09T16:24:18.660462+00:00,"""0x8DCEECD312C5525""","Thu, 17 Oct 2024 17:00:24 GMT",
https://cdn.emiratesnbd.com/assets/pdf/esg_report_2024.pdf,https://cdn.emiratesnbd.com/assets/pdf/esg_report_2024.pdf,archived,c4750e72dbf2f34f182d9efb7ed7536c7780f2d398eb819af97fc14efce3f39c,data/raw/source_archive/db8f46dbe262a479218cff0f-c4750e72dbf2f34f.pdf,application/pdf,4237709,2026-08-09T16:14:58.740706+00:00,"""0x8DDCE61E27B49C9""","Tue, 29 Jul 2025 05:36:36 GMT",
https://diweb.blob.core.windows.net/dubaiinvestmentcontainer/dip-images/public/352/DIC-Integrated-Report-English-2024-website_compressed.pdf,https://diweb.blob.core.windows.net/dubaiinvestmentcontainer/dip-images/public/352/DIC-Integrated-Report-English-2024-website_compressed.pdf,archived,1f885f42bcc1a2a37d82735c32939e9742d3089a4a61d0f59f65bf6abbae0496,data/raw/source_archive/9c4e7237fc641effd3d1dd9e-1f885f42bcc1a2a3.pdf,application/pdf,3078106,2026-08-09T16:11:10.715059+00:00,0x8DE20EC1AEED644,"Tue, 11 Nov 2025 06:32:36 GMT",
https://investors.du.ae/static-files/db00b561-a6f2-41e5-a0de-c73bbad518d2,https://investors.du.ae/static-files/db00b561-a6f2-41e5-a0de-c73bbad518d2,archived,5bd09c81131054e8c849ac04ca109aec4d7373b57cf79260eb97fc52ebc8835b,data/raw/source_archive/0a60efff2c61d64420b49760-5bd09c81131054e8.pdf,application/pdf,2730032,2026-08-09T16:11:26.742573+00:00,"""1dbeee51a7058266733e48373e4ffae5ce174eafec2bcf595f703fb4aa7ca80c""","Mon, 23 Mar 2026 07:32:07 GMT",
https://iq.com.qa/media/31ojbphk/iq_esg_report_2020_final.pdf,https://iq.com.qa/media/31ojbphk/iq_esg_report_2020_final.pdf,archived,063eae9503e1476be391944c3c17948b53b0a64464f6858914eb27d4e3d8693f,data/raw/source_archive/43392910fca69e1f93a00308-063eae9503e1476b.pdf,application/pdf,5752144,2026-08-10T14:14:57.080781+00:00,"""1b21307ecfd3d71:0""","Sun, 07 Nov 2021 12:03:35 GMT",
https://iq.com.qa/media/uexdt5va/iq-2021-sustainability-report-english.pdf,https://iq.com.qa/media/uexdt5va/iq-2021-sustainability-report-english.pdf,archived,4c30be21b45a7378d76d10de004ac8d9575135ae4fd0a75ef86dfa4f80262f61,data/raw/source_archive/133bfadaf7985bc2294ed5e9-4c30be21b45a7378.pdf,application/pdf,9984453,2026-08-10T14:14:57.080942+00:00,"""22bcd635457cd91:0""","Mon, 01 May 2023 15:54:28 GMT",
https://ir.mobily.link/2023/esg.html,https://ir.mobily.link/2023/esg.html,archived,426c57a3a441d3c585cc50289ac0523ea1e0d013622e8f702426b0a2c6a7c552,data/raw/source_archive/5959553e4edbd3771d00ec1e-426c57a3a441d3c5.html,text/html,82577,2026-08-09T16:11:26.745198+00:00,,"Wed, 20 May 2026 21:33:27 GMT",
https://ir.mobily.link/2024/esg.html,https://ir.mobily.link/2024/esg.html,archived,618a390786251eded30dde49e271ea3ca58bf7a13cb409fc542a3cda7d3c9321,data/raw/source_archive/e9d0ba8f3a9986d9a45f895c-618a390786251ede.html,text/html,101899,2026-08-09T16:11:26.776757+00:00,,"Wed, 20 May 2026 21:33:25 GMT",
https://marblobstorage.blob.core.windows.net/files/arbfiles/AnnualReports2019/EN/ARB-Annual-Report-2025_en.pdf,https://marblobstorage.blob.core.windows.net/files/arbfiles/AnnualReports2019/EN/ARB-Annual-Report-2025_en.pdf,archived,b6b5751e5f061eb39cef8661a87414b89827d3f32cad87427b7d5855b1fc0b22,data/raw/source_archive/b8fb2f16ecaec9fab06c8ded-b6b5751e5f061eb3.pdf,application/pdf,3390477,2026-08-09T16:11:26.786970+00:00,0x8DE8260DD9C301E,"Sun, 15 Mar 2026 07:02:47 GMT",
https://properties.emaar.com/en/emaar-sustainability/our-stories/,https://www.emaar.com/en,archived,a2dd8b03c14e0196804b71bd885c19b1dddd1bdea228b18c4c111c67d5e7662f,data/raw/source_archive/99eb23821dcf1078063f28bc-a2dd8b03c14e0196.html,text/html,478235,2026-08-09T16:24:18.662680+00:00,,"Sun, 09 Aug 2026 11:07:39 GMT",
https://properties.emaar.com/en/press-release-listing/emaar-hospitality-group-marks-historic-milestone-of-50-operational-and-upcoming-hotel-projects/,https://www.emaar.com/en,archived,7893ab3c1e6c0baa10e7f832ffeb588ea1cc5bffe404c7aabf0a21c1f5dfbf7f,data/raw/source_archive/37737913014ebb0aa23234a7-7893ab3c1e6c0baa.html,text/html,478235,2026-08-09T16:24:18.663609+00:00,,"Sun, 09 Aug 2026 11:07:39 GMT",
https://properties.emaar.com/en/press-release-listing/emaar-smart-home/,https://www.emaar.com/en,archived,8db7093986a1f8b616d9dde442d607412982d601fdf62b9df6051ea2aa7febe4,data/raw/source_archive/948b749934ff551859f2b62e-8db7093986a1f8b6.html,text/html,478235,2026-08-09T16:24:18.665387+00:00,,"Sun, 09 Aug 2026 11:07:39 GMT",
https://qnb.com/sites/qnb/qnbglobal/en/enfinancialresultsq423news,,error,,,,0,2026-08-10T15:10:01.844802+00:00,,,HTTPError: HTTP Error 403: Forbidden
https://qnb.com/sites/qnb/qnbglobal/en/ennews2dec2019news,,error,,,,0,2026-08-10T15:10:01.845648+00:00,,,HTTPError: HTTP Error 403: Forbidden
https://qnb.com/sites/qnb/qnbglobal/en/ennews31jan2021news,,error,,,,0,2026-08-10T15:10:01.846258+00:00,,,HTTPError: HTTP Error 403: Forbidden
https://qnb.com/sites/qnb/qnbglobal/en/ennewsq42024news,,error,,,,0,2026-08-10T15:10:01.846444+00:00,,,HTTPError: HTTP Error 403: Forbidden
https://qse.arabsustainability.com/qewc/show-benchmarking,https://qse.arabsustainability.com/qewc/show-benchmarking,archived,db7d0f71b9f9ef4c4f366c504198eabf350272d485ab8d5217b5381315ee8484,data/raw/source_archive/0ec02a545cea61637b730fc8-db7d0f71b9f9ef4c.html,text/html,65804,2026-08-09T16:11:32.019980+00:00,,,
https://sa.emaar.com/en/press-release-listing/emaar-hospitality-group-marks-historic-milestone-of-50-operational-and-upcoming-hotel-projects/,https://sa.emaar.com/en/press-release-listing/emaar-hospitality-group-marks-historic-milestone-of-50-operational-and-upcoming-hotel-projects/,archived,ba922ac7b984dd645dd73080dabb794386570a75033b7a5033d3ed93f3796b8e,data/raw/source_archive/9b8c11f86f8ed3c35ad2fc61-ba922ac7b984dd64.html,text/html,105342,2026-08-09T16:24:29.991365+00:00,,,
https://sa.emaar.com/en/press-release-listing/emaar-smart-home/,https://sa.emaar.com/en/press-release-listing/emaar-smart-home/,archived,4ce7eb8f2ea57c182adffe2c7bbb6090cb380758fd5a4be2b34a0941d3211f14,data/raw/source_archive/80defc764621215c267ee120-4ce7eb8f2ea57c18.html,text/html,105426,2026-08-09T16:24:30.591040+00:00,,,
https://sa.zain.com/en/all-news/zain-ksa-huawei-partner-sign-mou-enhance-hajj-2025-digital-experience-ai-and-data,,error,,,,0,2026-08-09T16:26:30.599373+00:00,,,HTTPError: HTTP Error 502: Bad Gateway
https://savola.blob.core.windows.net/website/docs/default-source/publications/savola-sr23-english.pdf,https://savola.blob.core.windows.net/website/docs/default-source/publications/savola-sr23-english.pdf,archived,24f101b4b3905bf0cee4cfcfa337938273e8d723b3fbddba96db5370603e6a8e,data/raw/source_archive/eb445ddfc9b3eb414c54bc76-24f101b4b3905bf0.pdf,application/pdf,8224546,2026-08-09T16:11:32.779806+00:00,0x8DDE53ED35C2E5A,"Wed, 27 Aug 2025 07:53:35 GMT",
https://sustainability.almarai.com/en/pdf/Almarai-Sustainability-Report-2019-EN_web_new.pdf,https://sustainability.almarai.com/en/pdf/Almarai-Sustainability-Report-2019-EN_web_new.pdf,archived,2f649112963e30302acf2f07058d81dd6a79c0b254094b33622f81005d89eb27,data/raw/source_archive/44940fe2124568fd1f0bd5f1-2f649112963e3030.pdf,application/pdf,5130963,2026-08-09T16:11:32.786351+00:00,"""4e4ad3-64e62b92c994c""","Wed, 01 Apr 2026 09:29:40 GMT",
https://sustainability.almarai.com/en/pdf/AlmaraiSustainabilityReport-2023-PDF.pdf,https://sustainability.almarai.com/en/pdf/AlmaraiSustainabilityReport-2023-PDF.pdf,archived,3fa8f1cdccb07bfb9e67012c1bab77af72c0c8f3840525111bb6df7b1b953f38,data/raw/source_archive/42c1bf717a732e0c15c43c60-3fa8f1cdccb07bfb.pdf,application/pdf,23438933,2026-08-10T13:29:28.026698+00:00,"""165a655-64e62b9307596""","Wed, 01 Apr 2026 09:29:40 GMT",
https://sustainability.almarai.com/en/performance-data.html,https://sustainability.almarai.com/en/performance-data.html,archived,9b0df233e4b94a3e635b5350d71023034451c9f0102fbe5bb15e5dbbc17d5cde,data/raw/source_archive/f2f845e3f4181d5b15d472ad-9b0df233e4b94a3e.html,text/html,455470,2026-08-09T16:11:34.861932+00:00,"""6f32e-64e62b979908b""","Wed, 01 Apr 2026 09:29:45 GMT",
https://tabreed.ae/sites/default/files/2025-03/2022%20Integrated%20Report_31%20DEC%202022.pdf,https://tabreed.ae/sites/default/files/2025-03/2022%20Integrated%20Report_31%20DEC%202022.pdf,archived,e8270dcafe3ccc7698c56ba90bc09f8315771601f40ec1fe4d0eb49be9de1da1,data/raw/source_archive/59adf71d0af0748b4b2c7a10-e8270dcafe3ccc76.pdf,application/pdf,16684237,2026-08-10T13:37:36.356848+00:00,"""67d25df5-fe94cd""","Thu, 13 Mar 2025 04:24:21 GMT",
https://tabreed.ae/sites/default/files/2025-03/2023%20Integrated%20Annual%20Report_08%20MAR%202023.pdf,https://tabreed.ae/sites/default/files/2025-03/2023%20Integrated%20Annual%20Report_08%20MAR%202023.pdf,archived,d4802f65603f0d2aac63cea63ef06acef54bd0ebf825b83a002bcab1124cd35c,data/raw/source_archive/1d0f8528370db38b2a88bf95-d4802f65603f0d2a.pdf,application/pdf,15838343,2026-08-10T13:35:40.741859+00:00,"""67d25df5-f1ac87""","Thu, 13 Mar 2025 04:24:21 GMT",
https://tabreed.ae/sites/default/files/2025-03/2024_Annual_Integrated_Report_En.pdf,https://tabreed.ae/sites/default/files/2025-03/2024_Annual_Integrated_Report_En.pdf,archived,9e6e177abc23840867a49fa22110677138410b3326dc37fd429b849284564d63,data/raw/source_archive/e88938e5c697369769e10052-9e6e177abc238408.pdf,application/pdf,9084818,2026-08-10T13:37:36.357784+00:00,"""67d93567-8a9f92""","Tue, 18 Mar 2025 08:57:11 GMT",
https://tabreed.ae/sites/default/files/2026-03/2025_Annual_Integrated_Report_English.pdf,https://tabreed.ae/sites/default/files/2026-03/2025_Annual_Integrated_Report_English.pdf,archived,85e93a669f52772666340912fd3a3d6dcc781a36e8f16798173ec53b09fb77bf,data/raw/source_archive/0ba7edebc0b01f860213ad21-85e93a669f527726.pdf,application/pdf,11867278,2026-08-10T13:35:40.744735+00:00,"""69b7b6e5-b5148e""","Mon, 16 Mar 2026 07:53:09 GMT",
https://uae-cms.emaar.com/uploads/EMAAR_Development_IR_22_F_EN_d95acc6ce8.pdf,https://uae-cms.emaar.com/uploads/EMAAR_Development_IR_22_F_EN_d95acc6ce8.pdf,archived,5cff645753784b50030bc4d1357b4331aa9835b8ce813ef884a3fd317e7796f1,data/raw/source_archive/2321f6d7fe681fcc34f656bb-5cff645753784b50.pdf,application/pdf,7763421,2026-08-09T16:11:37.432848+00:00,,"Thu, 19 Feb 2026 09:23:55 GMT",
https://wps-media.jarir.com/media/financialreports/financialreports/Sustainability-Report-2018_1.pdf,https://wps-media.jarir.com/media/financialreports/financialreports/Sustainability-Report-2018_1.pdf,archived,2b96921bc7b16fada3d24c8038d24f2ded7763702d7499023415b8aabcb64bad,data/raw/source_archive/3386c643f67ff2d8a2762a9e-2b96921bc7b16fad.pdf,application/pdf,3403397,2026-08-09T16:11:37.506514+00:00,"""d2683f2c4e424699c84cbfd09de8dd62""","Mon, 31 Jan 2022 10:28:07 GMT",
https://wps-media.jarir.com/wp-content/uploads/2023/11/Jarir-Sustainability-Report_2022-En.pdf,,error,,,,0,2026-08-09T16:26:30.601182+00:00,,,HTTPError: HTTP Error 403: Forbidden
https://wps-media.jarir.com/wp-content/uploads/2024/08/Jarir-sustainability-report_2023-EN.pdf,https://wps-media.jarir.com/wp-content/uploads/2024/08/Jarir-sustainability-report_2023-EN.pdf,archived,f01b86d134c1b2711c42b88e595db6ce414dac3d8ee338f7f35839f7d5bf8e08,data/raw/source_archive/7fc70ac289fb39b2d0bfd1cf-f01b86d134c1b271.pdf,application/pdf,5916460,2026-08-09T16:11:39.110099+00:00,"""0f851ac6412499b5156ff6cc7720095d""","Thu, 08 Aug 2024 07:39:17 GMT",
https://wps-media.jarir.com/wp-content/uploads/2025/10/Jarir-sustainability-report_2024-EN.pdf,https://wps-media.jarir.com/wp-content/uploads/2025/10/Jarir-sustainability-report_2024-EN.pdf,archived,19021af32fa386c9d701a98a8f69feb2e2dcf824c603389cbc58c0cfd89b5241,data/raw/source_archive/a3779d316fdf1ab6088f1772-19021af32fa386c9.pdf,application/pdf,3343007,2026-08-09T16:11:39.789742+00:00,"""8cab6ce8af1cf75dfb34e296a9664cb7""","Thu, 16 Oct 2025 16:18:16 GMT",
https://wps-media.jarir.com/wp-content/uploads/2026/04/JB_AnnualReport_2025_EN.pdf,https://wps-media.jarir.com/wp-content/uploads/2026/04/JB_AnnualReport_2025_EN.pdf,archived,d4935566c43ec25a86961677015a42ca11e9cda87f97f2aab20892d0fac33d4a,data/raw/source_archive/ec547d4e04faa01b45668aec-d4935566c43ec25a.pdf,application/pdf,3553213,2026-08-09T16:11:39.971680+00:00,"""cf3d6843cfb83621e79452a29ab3c072""","Thu, 02 Apr 2026 11:05:34 GMT",
https://www.airarabia.com/-/media/investor-relations/2023/esg_2023.pdf,https://www.airarabia.com/-/media/investor-relations/2023/esg_2023.pdf,archived,b5e50ff613fa8697da5fa151c654a3f4f9658396bdd5849742e658eb01a474a3,data/raw/source_archive/679610b80e4dff5607514148-b5e50ff613fa8697.pdf,application/pdf,2627012,2026-08-09T16:11:44.432434+00:00,961d0a2978c64b958ce998c37ed5e3a6,"Mon, 15 Dec 2025 07:47:05 GMT",
https://www.airarabia.com/-/media/project/air-arabia/air-arabia/investor-relations/2025/esg_report_english520.pdf,https://www.airarabia.com/-/media/project/air-arabia/air-arabia/investor-relations/2025/esg_report_english520.pdf,archived,1db9211c4805f6f51c65b36a1e4fc78f9ad56574bb6432ef4db08d977e1e79b3,data/raw/source_archive/a40fd79edb2b7d03f1b03d55-1db9211c4805f6f5.pdf,application/pdf,5500266,2026-08-10T13:29:28.031872+00:00,2e6a2def3acd47fabbe7e7ca2224f955,"Wed, 20 May 2026 07:45:08 GMT",
https://www.ajmanbank.ae/site/hamad-ai.html,,error,,,,0,2026-08-09T16:26:30.602723+00:00,,,ValueError: access-block page returned instead of source document
https://www.ajmanbank.ae/site/newsdetail/ajman-bank-partners-with-dxc-technology-to-build-a-next-generation-data-and-advanced-analytics-platform,,error,,,,0,2026-08-09T16:26:30.603177+00:00,,,ValueError: access-block page returned instead of source document
https://www.alinma.com/2024/air/business-model.html,https://www.alinma.com/2024/air/business-model.html,archived,c7f0fe9f6c11e47671431b280ae24dca91c6c9b05749e9bb80051ff56f2c42f6,data/raw/source_archive/6ec50e957350b76d49aa7dd3-c7f0fe9f6c11e476.html,text/html,47810,2026-08-09T16:11:44.488732+00:00,"""0e7463713f0db1:0""","Tue, 08 Jul 2025 14:18:46 GMT",
https://www.alinma.com/2024/air/digital.html,https://www.alinma.com/2024/air/digital.html,archived,5ab9d1d5bbcdbb00864edd551734787f50eb5c8561d89f6ba3c79e3668345395,data/raw/source_archive/7a19d37bf20c792868f553cf-5ab9d1d5bbcdbb00.html,text/html,59093,2026-08-09T16:24:31.023451+00:00,"""0461bb98d6dc1:0""","Wed, 06 Aug 2025 04:51:08 GMT",
https://www.alinma.com/2025/air/business-model.html,https://www.alinma.com/2025/air/business-model.html,archived,98a3e1de1aca085867ea03595fa05041bfefcbb4b2eb900acb35a7588676c990,data/raw/source_archive/ab58f9c4d998d79aa6c81c61-98a3e1de1aca0858.html,text/html,46525,2026-08-09T16:11:45.520219+00:00,"""7decf4d98fddc1:0""","Tue, 16 Jun 2026 13:59:08 GMT",
https://www.alinma.com/2025/air/leadership/chairman.html,https://www.alinma.com/2025/air/leadership/chairman.html,archived,6d5ea8e092f14a74f34442d406447eca9c7d2a399022c62e2ea053db12845c1f,data/raw/source_archive/9c156846637bacf30fefa73b-6d5ea8e092f14a74.html,text/html,53186,2026-08-09T16:24:31.030698+00:00,"""0cabe16c8f0dc1:0""","Sun, 31 May 2026 06:38:28 GMT",
https://www.alinma.com/air/business-model.html,https://www.alinma.com/air/business-model.html,archived,d17dffd74ff5484e5d7a664bcc41237d59650bbc3cd768cb60ae48b576034f1b,data/raw/source_archive/f23f0c1a07a6e29333211a7b-d17dffd74ff5484e.html,text/html,46280,2026-08-09T16:11:45.522380+00:00,"""d35d2963f13db1:0""","Mon, 30 Sep 2024 13:45:34 GMT",
https://www.alinma.com/air/digital.html,https://www.alinma.com/air/digital.html,archived,92d6bc8a92025ec2a253305e9b7078aed81c093421996d1ebc9def6466141a69,data/raw/source_archive/e288e6fc48a70f1c62ac8251-92d6bc8a92025ec2.html,text/html,46345,2026-08-09T16:24:31.512603+00:00,"""0401173f13db1:0""","Mon, 30 Sep 2024 13:45:36 GMT",
https://www.alrajhibank.com.sa/ir/business_in_perspective/bpr_retail_banking.html,https://www.alrajhibank.com.sa/ir/business_in_perspective/bpr_retail_banking.html,archived,7a58199a23b8a62a6dc0076b798072d4f173107bd8858c6133e1e90509751118,data/raw/source_archive/74648bb43f09ecd29e02e2cf-7a58199a23b8a62a.html,text/html,26204,2026-08-09T16:24:32.748642+00:00,"""04c54766347d81:0""","Sun, 03 Apr 2022 14:02:32 GMT",
https://www.alrajhibank.com.sa/ir22/business_in_perspective/human_resources.html,https://www.alrajhibank.com.sa/ir22/business_in_perspective/human_resources.html,archived,1daa2fbe4ed9ab988a5e9fe13601e6aa9e835356f3943ba8485e4b97d8442ea8,data/raw/source_archive/40dd8c773a817013fde8ac8e-1daa2fbe4ed9ab98.html,text/html,59196,2026-08-09T16:11:54.194512+00:00,"""09ddc4188ed91:0""","Wed, 24 May 2023 06:23:30 GMT",
https://www.alrajhibank.com.sa/ir22/esg_report/esg_report.html,https://www.alrajhibank.com.sa/ir22/esg_report/esg_report.html,archived,6ec85a6bfa8f87b6b874875875fbd8bd48eea97e4082ad008e8638fe02a5cb23,data/raw/source_archive/9345a19564a4b92841ea808e-6ec85a6bfa8f87b6.html,text/html,79986,2026-08-09T16:24:38.760024+00:00,"""09ddc4188ed91:0""","Wed, 24 May 2023 06:23:30 GMT",
https://www.alrajhibank.com.sa/ir23/business_in_perspective/human_resources.html,https://www.alrajhibank.com.sa/ir23/business_in_perspective/human_resources.html,archived,3dffd9136cd636eb2fd407d4500789fc28d5a8f611bd4322048fe25feba99cf3,data/raw/source_archive/cdc7dbbddec0820b0058889e-3dffd9136cd636eb.html,text/html,104186,2026-08-09T16:11:54.200318+00:00,"""040231c607bda1:0""","Thu, 21 Mar 2024 07:19:28 GMT",
https://www.alrajhibank.com.sa/ir23/business_in_perspective/shared_services_group.html,https://www.alrajhibank.com.sa/ir23/business_in_perspective/shared_services_group.html,archived,ec8326edfd34879473ae2106e1a12c1570f48bf6ca7e7062a3de9e8381f4a612,data/raw/source_archive/9785fdbde7895c5ae4d36d44-ec8326edfd348794.html,text/html,53696,2026-08-09T16:24:39.676772+00:00,"""06d541d607bda1:0""","Thu, 21 Mar 2024 07:19:30 GMT",
https://www.alrajhibank.com.sa/ir24/cultivating_a_future_forward_workforce/talent_management.html,https://www.alrajhibank.com.sa/ir24/cultivating_a_future_forward_workforce/talent_management.html,archived,e84b611f528790b1e709ae5d4f6834e59d580b547cf69f3c0a674223e653a53f,data/raw/source_archive/7e5caae3387b90c689098649-e84b611f528790b1.html,text/html,58898,2026-08-09T16:11:54.210791+00:00,"""03c459820cadb1:0""","Wed, 21 May 2025 07:18:48 GMT",
https://www.alrajhibank.com.sa/ir24/customer_engagement_and_responsible_banking/digital_transformation.html,https://www.alrajhibank.com.sa/ir24/customer_engagement_and_responsible_banking/digital_transformation.html,archived,93812644f16368f359a46eb7ac37bb10295306859eaed4d01998ab9c3d5e8063,data/raw/source_archive/76a6e6a2cf736c3a448542de-93812644f16368f3.html,text/html,66114,2026-08-09T16:24:39.677684+00:00,"""03c459820cadb1:0""","Wed, 21 May 2025 07:18:48 GMT",
https://www.alrajhibank.com.sa/ir25/cultivating_a_future_forward_workforce/talent_attraction_development_and_retention.html,https://www.alrajhibank.com.sa/ir25/cultivating_a_future_forward_workforce/talent_attraction_development_and_retention.html,archived,f12e027137d285286a0720e42069ca8a6b2243272d30fff42c71f92126ed9923,data/raw/source_archive/e31d2aff424401cbc06bc78d-f12e027137d28528.html,text/html,95355,2026-08-09T16:11:54.219344+00:00,"""053d59431cedc1:0""","Fri, 17 Apr 2026 06:15:26 GMT",
https://www.alrajhibank.com.sa/ir25/customer_engagement_and_responsible_banking/innovation_and_product_development.html,https://www.alrajhibank.com.sa/ir25/customer_engagement_and_responsible_banking/innovation_and_product_development.html,archived,23aa59569380b1080c53125cd9b7f89a1aea8f33874e6be0bb3d67f0a0964354,data/raw/source_archive/3358d7e6a8d446a054d73bb4-23aa59569380b108.html,text/html,64098,2026-08-09T16:24:40.778917+00:00,"""053d59431cedc1:0""","Fri, 17 Apr 2026 06:15:26 GMT",
https://www.aramco.com/-/media/publications/corporate-reports/annual-reports/saudi-aramco-ara-2019-english.pdf,https://www.aramco.com/-/media/publications/corporate-reports/annual-reports/saudi-aramco-ara-2019-english.pdf,archived,5f2d270493d7b0c41e4ff6a13b0bae99d053dad50f80945e9a4a78f30825bc8e,data/raw/source_archive/72515a2e311b15464438cbce-5f2d270493d7b0c4.pdf,application/pdf,8661844,2026-08-09T16:11:54.716959+00:00,,"Wed, 22 Nov 2023 11:20:52 GMT",
https://www.aramco.com/-/media/publications/corporate-reports/annual-reports/saudi-aramco-ara-2020-english.pdf,https://www.aramco.com/-/media/publications/corporate-reports/annual-reports/saudi-aramco-ara-2020-english.pdf,archived,85300495acb3105562a9357731161c87b014f3cea919937447d19e4588ba2084,data/raw/source_archive/91847f49d7364415c08f1856-85300495acb31055.pdf,application/pdf,9782212,2026-08-09T16:11:58.784586+00:00,,"Mon, 17 Feb 2025 08:27:31 GMT",
https://www.aramco.com/-/media/publications/corporate-reports/reports-and-presentations/2025/fy/sections/ara-2025-sustainability-english.pdf,https://www.aramco.com/-/media/publications/corporate-reports/reports-and-presentations/2025/fy/sections/ara-2025-sustainability-english.pdf,archived,84d3babecae9620458066d535bd599fc50c69734d3fede97e9ad026dd24d2b60,data/raw/source_archive/0e2960364460a8e2d293471f-84d3babecae96204.pdf,application/pdf,1966266,2026-08-09T16:11:59.493332+00:00,,"Tue, 10 Mar 2026 06:00:05 GMT",
https://www.aramex.com/ae/en/aramex-2022-annual-report/aramex-2021-annual-report,https://www.aramex.com/ae/en/aramex-2022-annual-report/aramex-2021-annual-report,archived,336ae4c372422199ec3b9806b279ec653dcaab88893ae9e54d9f6833bec9ffac,data/raw/source_archive/594abe7a539d4a778057ab55-336ae4c372422199.html,text/html,133406,2026-08-09T16:11:59.536366+00:00,,,
https://www.aramex.com/ae/en/aramex-2022-annual-report/our-people-2019,https://www.aramex.com/ae/en/aramex-2022-annual-report/our-people-2019,archived,06a74901f65f9958c4ccd2e93a6615ee8f8a6cdeb30bd99a0e8934c87ca8e8d8,data/raw/source_archive/f482118a4717cf1021c24246-06a74901f65f9958.html,text/html,125928,2026-08-09T16:11:59.722827+00:00,,,
https://www.aramex.com/ae/en/media-details/news/news-details?contentId=fe537388-b3f2-659d-9310-ff0100e7fe0c&module=stories&page=14,https://www.aramex.com/ae/en/media-details/news/news-details?contentId=fe537388-b3f2-659d-9310-ff0100e7fe0c&module=stories&page=14,archived,f04ebb0aa2a8496a9e8df0650af1ac4791ed2c36f5ffde87d8d42c7f161a9226,data/raw/source_archive/a5ad449a20b2318f3eacf3f9-f04ebb0aa2a8496a.html,text/html,92568,2026-08-09T16:24:43.570010+00:00,,,
https://www.aramex.com/media-details/news/news-details?contentId=fe537388-b3f2-659d-9310-ff0100e7fe0c&module=stories&page=14,https://www.aramex.com/ae/en/media-details/news/news-details?contentId=fe537388-b3f2-659d-9310-ff0100e7fe0c&module=stories&page=14,archived,de177641f71c1c5ab83914fff7d3babc08ca1cf774963381106248a2d4665c14,data/raw/source_archive/de416a158ddacd8165a0cc21-de177641f71c1c5a.html,text/html,92572,2026-08-09T16:24:43.571951+00:00,,,
https://www.aramex.com/ne/en/media-details/news/news-details?contentId=9e74ab88-b3f2-659d-9310-ff0100e7fe0c&module=stories&page=3,https://www.aramex.com/ne/en/media-details/news/news-details?contentId=9e74ab88-b3f2-659d-9310-ff0100e7fe0c&module=stories&page=3,archived,c51c0a127a1ab552c61fcb3657bfb7d2be4d18f8794bf76d184cd1a8319aa0e6,data/raw/source_archive/76d9691aeda20e2a9c6614d2-c51c0a127a1ab552.html,text/html,94399,2026-08-09T16:24:43.581986+00:00,,,
https://www.bankalbilad.com/annual-report-2022/our-people.html,https://www.bankalbilad.com.sa/annual-report-2022/our-people.html,archived,e9a13f1c7a3cab6e62d0ccab20632204b7dd4f1f3b8f459792731ee0472ab111,data/raw/source_archive/52380f1cfcb14766806f7bf7-e9a13f1c7a3cab6e.html,text/html,58537,2026-08-09T16:11:59.773330+00:00,"""068b0d743e6d91:0""","Wed, 13 Sep 2023 13:11:44 GMT",
https://www.bankalbilad.com/annual-report-2023/our-people.html,https://www.bankalbilad.com.sa/annual-report-2023/our-people.html,archived,2a4fe28e6f701c1a35e4449fd5bdce885c0cd0b7c584076c0eda3eddf95f9674,data/raw/source_archive/145d9a7457d285c3885b3c34-2a4fe28e6f701c1a.html,text/html,52836,2026-08-09T16:11:59.837434+00:00,"""0a138cdb6f7da1:0""","Mon, 26 Aug 2024 12:52:26 GMT",
https://www.bankalbilad.com/annual-report-2024/our-people.html,https://www.bankalbilad.com.sa/annual-report-2024/our-people.html,archived,257bca1b82f4f9bc9d713f3d15771fc6181a782ab5cb41d0fec4c13bfe925689,data/raw/source_archive/f4fcb5df33e00b3d5ea88f7a-257bca1b82f4f9bc.html,text/html,32404,2026-08-09T16:12:02.531351+00:00,"""198c4b64eedb1:0""","Sun, 06 Jul 2025 10:54:06 GMT",
https://www.barwa.com.qa/documents/en-doc-annual/2019.pdf,https://www.barwa.com.qa/documents/en-doc-annual/2019.pdf,archived,a11fdb0b2343130bb3c7ee8d6aac1e321182b75b0eb60d95a856cf0193bcc7ba,data/raw/source_archive/dc30d60194d56524ceaac877-a11fdb0b2343130b.pdf,application/pdf,12619869,2026-08-10T14:27:01.982557+00:00,"""60cfc2c1b5d0dc1:0""","Mon, 20 Apr 2026 11:06:37 GMT",
https://www.barwa.com.qa/documents/en-doc-annual/2020.pdf,https://www.barwa.com.qa/documents/en-doc-annual/2020.pdf,archived,27e07aaccbb7df0f15d18897bd84f75ed3fb6fe087fc5ffdfd045280a7052fbc,data/raw/source_archive/f3ac4f358dd3a61787703156-27e07aaccbb7df0f.pdf,application/pdf,9128336,2026-08-10T14:27:01.986080+00:00,"""e0e9c8c1b5d0dc1:0""","Mon, 20 Apr 2026 11:06:37 GMT",
https://www.barwa.com.qa/documents/en-doc-annual/2021.pdf,https://www.barwa.com.qa/documents/en-doc-annual/2021.pdf,archived,41e65d8cb1d2a3293c249b514496deb5e23f518525410bf9c38176a217e5552f,data/raw/source_archive/11d3b3df7939912bc4d018e0-41e65d8cb1d2a329.pdf,application/pdf,5139170,2026-08-10T14:27:02.128192+00:00,"""20f7cbc1b5d0dc1:0""","Mon, 20 Apr 2026 11:06:37 GMT",
https://www.barwa.com.qa/documents/en-doc-annual/2022.pdf,https://www.barwa.com.qa/documents/en-doc-annual/2022.pdf,archived,6674a6eb0dfa2ebf90e9d8e40a7ed15ba17cf50c7ec4c0cc27977c4e66aad9a6,data/raw/source_archive/b50fc530b065365400e79634-6674a6eb0dfa2ebf.pdf,application/pdf,8082135,2026-08-10T14:27:02.130896+00:00,"""a011d2c1b5d0dc1:0""","Mon, 20 Apr 2026 11:06:37 GMT",
https://www.barwa.com.qa/documents/en-doc-annual/2023.pdf,https://www.barwa.com.qa/documents/en-doc-annual/2023.pdf,archived,fc083aca6cbf6c4ab389d95cf409038b58d17f8e192ad83ae9f02d0654c428c6,data/raw/source_archive/34e12cd0e5ca9b09758adc76-fc083aca6cbf6c4a.pdf,application/pdf,6533088,2026-08-10T14:27:02.132922+00:00,"""e01ed5c1b5d0dc1:0""","Mon, 20 Apr 2026 11:06:37 GMT",
https://www.barwa.com.qa/documents/en-doc-annual/2024.pdf,https://www.barwa.com.qa/documents/en-doc-annual/2024.pdf,archived,282e7aa2665dc2d106c6e9887e6db685aa6f75759b2d8d6f34e7ea4398eabf5d,data/raw/source_archive/66a9963b2140bae5e0223a17-282e7aa2665dc2d1.pdf,application/pdf,33277008,2026-08-10T14:27:02.142669+00:00,"""e088edc1b5d0dc1:0""","Mon, 20 Apr 2026 11:06:37 GMT",
https://www.barwa.com.qa/documents/en-doc-annual/2025.pdf,https://www.barwa.com.qa/documents/en-doc-annual/2025.pdf,archived,348dd03a2ae05c3d08ccfa54245b87c880c518ae97a89737e3e82f4f7b7e35d0,data/raw/source_archive/4a387524285eaeb5ba29aec2-348dd03a2ae05c3d.pdf,application/pdf,29870486,2026-08-10T14:27:05.728285+00:00,"""a0e52c2b5d0dc1:0""","Mon, 20 Apr 2026 11:06:37 GMT",
https://www.cbd.ae/aboutus/media-centre/press-room/news,,error,,,,0,2026-08-09T16:26:30.603962+00:00,,,HTTPError: HTTP Error 403: Forbidden
https://www.cbd.ae/aboutus/media-centre/press-room/news?Id=56b54bff-458f-66de-b8c5-ff0b00b6b24a,,error,,,,0,2026-08-09T16:26:30.607903+00:00,,,HTTPError: HTTP Error 403: Forbidden
https://www.deyaar.ae/wp-content/uploads/2024/05/Deyaar-Integrated-Annual-Report-2023-EN-DIGITAL-21-Mar-Final.pdf,https://www.deyaar.ae/wp-content/uploads/2024/05/Deyaar-Integrated-Annual-Report-2023-EN-DIGITAL-21-Mar-Final.pdf,archived,45d0accb82de1d17869a33f787667f431ba2b377f06f731e02b4ff670f77a781,data/raw/source_archive/ad2ddddec338ef1d0f6eca03-45d0accb82de1d17.pdf,application/pdf,10251642,2026-08-09T16:12:03.530312+00:00,"""9c6d7a-61930f6159c80""","Fri, 24 May 2024 10:52:18 GMT",
https://www.deyaar.ae/wp-content/uploads/2025/04/EN-Deyaar-annual-report.pdf,https://www.deyaar.ae/wp-content/uploads/2025/04/EN-Deyaar-annual-report.pdf,archived,ba133028212f3f28fd505fc897731e24c83c3d089b23635a401a127e46ee4596,data/raw/source_archive/3dc40f1cda1f2a78dedbce37-ba133028212f3f28.pdf,application/pdf,6930238,2026-08-09T16:12:03.597274+00:00,"""69bf3e-631c67945bae9""","Wed, 02 Apr 2025 07:19:28 GMT",
https://www.dib.ae/about-us/news/2019/01/30/dubai-islamic-bank-full-year-2018-group-financial-results,https://www.dib.ae/about-us/news/2019/01/30/dubai-islamic-bank-full-year-2018-group-financial-results,archived,0dba34a4797e519d5cd3ce4121ef4fff24dbda2c9f077c7400bc4db70d5b86c5,data/raw/source_archive/0dc211505bf850bb3db0c175-0dba34a4797e519d.html,text/html,80105,2026-08-09T16:24:44.289192+00:00,""":dtagent10343260715123811kr5t:dtagent10343260715123811kr5t""",,
https://www.dib.ae/about-us/news/2022/02/01/dubai-islamic-bank-joins-etisalat-digital-s-blockchain-platform-uae-trade-connect,https://www.dib.ae/about-us/news/2022/02/01/dubai-islamic-bank-joins-etisalat-digital-s-blockchain-platform-uae-trade-connect,archived,919954473aadaa797c4e61a5025c262703010fe79e2ae980c3bffa0f5c4038a9,data/raw/source_archive/458de7128b3996a98fd82a3a-919954473aadaa79.html,text/html,66766,2026-08-09T16:24:44.353452+00:00,""":dtagent10343260715123811kr5t:dtagent10343260715123811kr5t""",,
https://www.dib.ae/docs/default-source/pdf/sustainability/50258_dib-sr-2025-en-final-interactive.pdf,https://www.dib.ae/docs/default-source/pdf/sustainability/50258_dib-sr-2025-en-final-interactive.pdf,archived,0d7e8d0f8b5c5f1e93d5ae1dfb28526ec8460440224dec50f3ad2a45e2a66066,data/raw/source_archive/c9816c0b259b75c097a8430a-0d7e8d0f8b5c5f1e.pdf,application/pdf,10060044,2026-08-09T16:15:06.816440+00:00,"""""","Wed, 29 Apr 2026 05:54:47 GMT",
https://www.dib.ae/docs/default-source/pdf/sustainability/dib-sustainability-report-2024-website.pdf,https://www.dib.ae/docs/default-source/pdf/sustainability/dib-sustainability-report-2024-website.pdf,archived,ca702f314cacbc6b2d28f9a17ab078cb5426bc560b952cb48d391a0039783d6a,data/raw/source_archive/21ac9ed7aa7fe65feca1a0d2-ca702f314cacbc6b.pdf,application/pdf,8151445,2026-08-09T16:12:06.308657+00:00,"""""","Fri, 18 Apr 2025 05:26:17 GMT",
https://www.dohabank.com.qa/wp-content/uploads/sites/12/Sustainability-Report-2018.pdf,https://www.dohabank.com.qa/wp-content/uploads/sites/12/Sustainability-Report-2018.pdf,archived,0674624ae61633a388871cf959f07a4b6805e88e6625bebb505d71ca8c78eed3,data/raw/source_archive/3ccd826dc78a7499cf568905-0674624ae61633a3.pdf,application/pdf,3151376,2026-08-09T16:12:11.112813+00:00,"""301610-5833ee2fd10c0""","Mon, 04 Mar 2019 06:30:03 GMT",
https://www.dohabank.com.qa/wp-content/uploads/sites/12/Sustainability-Report-2019-V4.pdf,https://www.dohabank.com.qa/wp-content/uploads/sites/12/Sustainability-Report-2019-V4.pdf,archived,aa66983c3ef796b97092525d61241629f15a7dd59bb74a3a9bb89db85c94bf87,data/raw/source_archive/b21ad31646f104d9224b4452-aa66983c3ef796b9.pdf,application/pdf,1322243,2026-08-09T16:12:11.216028+00:00,"""142d03-5aa05d49a6580""","Thu, 09 Jul 2020 17:48:22 GMT",
https://www.dohabank.com.qa/wp-content/uploads/sites/12/Sustainability-Report-2023.pdf,https://www.dohabank.com.qa/wp-content/uploads/sites/12/Sustainability-Report-2023.pdf,archived,1edaa08cb4a5bbc982b11e5d2252b82851587d5a15d9242d9147a4aba2c8c3c2,data/raw/source_archive/b1c3eb1d2ae7118602dbc515-1edaa08cb4a5bbc9.pdf,application/pdf,2393489,2026-08-09T16:12:11.540581+00:00,"""248591-61d41abd1d840""","Mon, 15 Jul 2024 04:29:13 GMT",
https://www.dohabank.com.qa/wp-content/uploads/sites/12/Sustainability-Report-2024-V2.pdf,https://www.dohabank.com.qa/wp-content/uploads/sites/12/Sustainability-Report-2024-V2.pdf,archived,08947a6c9c3edbb390b7c478248a72dc92e6c64b396079a0ef202b9f4228ee5a,data/raw/source_archive/8a73d2cc5b6d7f3b1487caba-08947a6c9c3edbb3.pdf,application/pdf,5511842,2026-08-09T16:12:13.306280+00:00,"""541aa2-6425b120de3bf""","Thu, 30 Oct 2025 07:19:32 GMT",
https://www.du.ae/about/media-centre/newsdetail/du-and-microsoft-showcase-generative-ai-capabilities,,error,,,,0,2026-08-09T16:26:35.346016+00:00,,,HTTPError: HTTP Error 404: Not Found
https://www.du.ae/about/media-centre/newsdetail/du-unveils-sustainability-report-2024,https://www.du.ae/about/media-centre/newsdetail/du-unveils-sustainability-report-2024,archived,8207b0b4d4fc09e9229e215f1115b78aee8cb8f57354a9d6b2c97114f4d09fc8,data/raw/source_archive/987d1e4288c8e6e31333f86e-8207b0b4d4fc09e9.html,text/html,278048,2026-08-09T16:24:44.573571+00:00,,,
https://www.du.ae/files/1430768714824,https://www.du.ae/files/1430768714824,archived,84a970497aa2a67b6701651a591da54b575ff60bb4dd8141c336bd76690ac243,data/raw/source_archive/581f2b0a05a4f1918f702fdc-84a970497aa2a67b.pdf,application/pdf,2215912,2026-08-09T16:12:16.715289+00:00,,"Sun, 09 Aug 2026 16:12:21 GMT",
https://www.du.ae/files/1430775785002,https://www.du.ae/files/1430775785002,archived,2cc512716298e2ea3c76def7c000e518c99fb5072e272718bb829325e6495edf,data/raw/source_archive/5cc87c4f757db2dd50e07610-2cc512716298e2ea.pdf,application/pdf,4594094,2026-08-09T16:12:17.235284+00:00,,"Sun, 09 Aug 2026 16:12:21 GMT",
https://www.du.ae/files/1430782069637,https://www.du.ae/files/1430782069637,archived,6296d2dfa1b333555159f6d3492b8ff46efd1b5a6421ceb9e030434c92170ce6,data/raw/source_archive/0e71fa6949925b76e73f1533-6296d2dfa1b33355.pdf,application/pdf,3074398,2026-08-09T16:12:20.509784+00:00,,"Sun, 09 Aug 2026 16:12:26 GMT",
https://www.du.ae/files/1430785853342,https://www.du.ae/files/1430785853342,archived,eaf01f88d8c9d3a36890d7468dfafa9e3429ac2410afc4d839deeeb1a37e9e38,data/raw/source_archive/8072acd15731611f644db9a0-eaf01f88d8c9d3a3.pdf,application/pdf,3762106,2026-08-09T16:12:21.024161+00:00,,"Sun, 09 Aug 2026 16:12:27 GMT",
https://www.emaar.com/en/press-release-listing/emaar-unveils-dubai-square-a-futuristic-fusion-of-cutting-edge-retail-entertainment-and-technology-in-dubai-creek-harbour,https://www.emaar.com/en/press-release-listing/emaar-unveils-dubai-square-a-futuristic-fusion-of-cutting-edge-retail-entertainment-and-technology-in-dubai-creek-harbour,archived,72aeeb5fdaffb7e8a59c66633b5c7813497a6f71960b42bf577e4dc1abf96f58,data/raw/source_archive/589646e181624eca64b23b0a-72aeeb5fdaffb7e8.html,text/html,411134,2026-08-09T16:24:44.594294+00:00,,"Sat, 08 Aug 2026 17:29:36 GMT",
https://www.emiratesnbd.com/-/media/enbd/files/investor-relations/common-pdf/esg_report_2021.pdf,https://www.emiratesnbd.com/-/media/enbd/files/investor-relations/common-pdf/esg_report_2021.pdf,archived,d14fe1f9dccded24e942a278e6ec0c905abcbb094bd86947f69099dc502e16ce,data/raw/source_archive/9d779ad5ca91fea5ed75e1f3-d14fe1f9dccded24.pdf,application/pdf,4777447,2026-08-09T16:15:09.246763+00:00,25156450defa4d568421afa63f2634ef,"Wed, 23 Nov 2022 13:14:55 GMT",
https://www.emiratesnbd.com/en/media-center/emirates-nbd-announces-fy-2024-financial-results,https://www.emiratesnbd.com/en/media-center/emirates-nbd-announces-fy-2024-financial-results,archived,f9771753ea8ac7004e57264bcd6a3516b1079cf8bb7e3806e28210c1acb6b16b,data/raw/source_archive/8faac15b92b9a35fce0bfb44-f9771753ea8ac700.html,text/html,1049015,2026-08-09T16:24:49.871907+00:00,,"Sun, 09 Aug 2026 09:43:49 GMT",
https://www.emiratesnbd.com/en/media-center/emirates-nbd-announces-fy-2025-financial-results,https://www.emiratesnbd.com/en/media-center/emirates-nbd-announces-fy-2025-financial-results,archived,922bedb45772294e77e1656b9a3bbad8f9083268d2eadd5a26fb53665d0e41e9,data/raw/source_archive/414af8649f6cb8fd79d50413-922bedb45772294e.html,text/html,1047856,2026-08-09T16:24:49.873172+00:00,,"Sun, 09 Aug 2026 08:18:34 GMT",
https://www.emiratesnbd.com/en/media-center/emirates-nbd-to-transform-business-operations-and-enhance-productivity-with-generative-ai,https://www.emiratesnbd.com/en/media-center/emirates-nbd-to-transform-business-operations-and-enhance-productivity-with-generative-ai,archived,9475712a776d82d2c70a223ccce1f618cf52adc6cf3e9efe02ff3ec2559d2cc7,data/raw/source_archive/4d9ba380a318ca514910db25-9475712a776d82d2.html,text/html,1042049,2026-08-09T16:24:51.534780+00:00,,,
https://www.gwclogistics.com/news/gwc-introduces-vision-picking-technology-in-qatar/,https://www.gwclogistics.com/news/gwc-introduces-vision-picking-technology-in-qatar/,archived,a327f8f2be427bd7e65d4b1f35ca1b1313948641f5d0b54a5f63cad43d20f463,data/raw/source_archive/c4d20a4784aea73c3751feec-a327f8f2be427bd7.html,text/html,282791,2026-08-09T16:24:51.644577+00:00,,,
https://www.gwclogistics.com/wp-content/uploads/2022/06/GWC-ESG-REPORT-ENGLISH-2023-03-22-WEB-SMALL.pdf,https://www.gwclogistics.com/wp-content/uploads/2022/06/GWC-ESG-REPORT-ENGLISH-2023-03-22-WEB-SMALL.pdf,archived,03db984e2ffea8b88bf8190cc7c59d1a1e1adc1a138ea526cb5c00c9d9d4572c,data/raw/source_archive/045a38eb7fccfc0b36532c4e-03db984e2ffea8b8.pdf,application/pdf,4490116,2026-08-10T14:42:04.597212+00:00,"""ebb0e2d8d5dd91:0""","Thu, 23 Mar 2023 13:41:31 GMT",
https://www.gwclogistics.com/wp-content/uploads/2022/06/GWC-ESG-Report-2022-EN-V2.pdf,https://www.gwclogistics.com/wp-content/uploads/2022/06/GWC-ESG-Report-2022-EN-V2.pdf,archived,645ce9c7c7fced2eef04e1ee7b7439809d3d9c680fdc7d9aee46f75b70f29052,data/raw/source_archive/d0cb1d9dd7b4564b961bb184-645ce9c7c7fced2e.pdf,application/pdf,2955653,2026-08-10T14:42:04.602436+00:00,"""57324fa2febad91:0""","Thu, 20 Jul 2023 11:37:59 GMT",
https://www.gwclogistics.com/wp-content/uploads/2022/06/GWC-ESG-Report-2025.pdf,https://www.gwclogistics.com/wp-content/uploads/2022/06/GWC-ESG-Report-2025.pdf,archived,e94023883dffe224791c416459d81a3616a5f7fe2fdcdbc8828803b7b8d0216d,data/raw/source_archive/e795632c8c404e58b0805f3a-e94023883dffe224.pdf,application/pdf,26106802,2026-08-10T14:42:04.729070+00:00,"""cf63b8ffce11dd1:0""","Sun, 12 Jul 2026 07:21:04 GMT",
https://www.gwclogistics.com/wp-content/uploads/2022/06/GWC-ESG-report-2024-final.pdf,https://www.gwclogistics.com/wp-content/uploads/2022/06/GWC-ESG-report-2024-final.pdf,archived,18741aad52c0f55a020fa343924db0bea8fb97625ae16d25c6c1cd276407ae6d,data/raw/source_archive/6e3e123f429ba896605e302d-18741aad52c0f55a.pdf,application/pdf,7074351,2026-08-10T14:42:04.731084+00:00,"""2e278da3ae3db1:0""","Sun, 22 Jun 2025 05:59:45 GMT",
https://www.gwclogistics.com/wp-content/uploads/2022/06/GWCESGReport-2023web.pdf,https://www.gwclogistics.com/wp-content/uploads/2022/06/GWCESGReport-2023web.pdf,archived,fadb0383ff8b61a193c9cbaa028856b91df946edd1b7e7a8f40c574eacf9fb78,data/raw/source_archive/d54d0e94a8abf137c3da397d-fadb0383ff8b61a1.pdf,application/pdf,7790092,2026-08-10T14:42:04.733274+00:00,"""3f895411ebb4da1:0""","Sun, 02 Jun 2024 12:47:46 GMT",
https://www.linkedin.com/posts/tawuniya_tawuniyainsurance-digitaltransformation-activity-7158122119006961666-u5rp,,error,,,,0,2026-08-09T16:26:35.358762+00:00,,,ValueError: access-block page returned instead of source document
https://www.maaden.com/news-insights/latest-news/liv-golf-unveils-new-naming-rights-for-us-event-as-the-commonwealth-gears-up-for-liv-golf-virginia-presented-by-maaden,https://www.maaden.com/news-insights/latest-news/liv-golf-unveils-new-naming-rights-for-us-event-as-the-commonwealth-gears-up-for-liv-golf-virginia-presented-by-maaden,archived,9011ef71839b95a35d94d1ff35a3e64a9310d6279f5e07b33e9f4c83930340a6,data/raw/source_archive/82a6c6098aa749dd9ae1dd5c-9011ef71839b95a3.html,text/html,499406,2026-08-10T15:10:01.847036+00:00,,,
https://www.mashreq.com/-/jssmedia/pdfs/aboutus/audit/Mashreq_Sustainability_Report_2023_EN.ashx,https://www.mashreq.com/-/jssmedia/pdfs/aboutus/audit/Mashreq_Sustainability_Report_2023_EN.ashx,archived,dd8f2ade773bab7f89129fdf4993167cd9cc61bcc744d5e517fab4a57a36e27f,data/raw/source_archive/19845ac7bb74ae80643ce0b8-dd8f2ade773bab7f.pdf,application/pdf,8621019,2026-08-09T16:12:34.311174+00:00,,,
https://www.mashreq.com/-/jssmedia/pdfs/aboutus/audit/global-integrated-esg-sustainability-report-2024-en.ashx,https://www.mashreq.com/-/jssmedia/pdfs/aboutus/audit/global-integrated-esg-sustainability-report-2024-en.ashx,archived,5ed1e7aaa14b7710e44dbe2a57c889c8ed465605b2da0bfd1fa83ce9ce1ebba3,data/raw/source_archive/a8194503e0105c1abd6f3141-5ed1e7aaa14b7710.pdf,application/pdf,8356808,2026-08-09T16:12:36.015168+00:00,,,
https://www.milaha.com/en/news-and-media/milaha-deploys-robotic-process-automation-solution,,error,,,,0,2026-08-09T16:26:36.002045+00:00,,,ValueError: access-block page returned instead of source document
https://www.milaha.com/en/news-and-media/milaha-enhances-data-ai-solutions-google-cloud,,error,,,,0,2026-08-09T16:26:41.403573+00:00,,,ValueError: access-block page returned instead of source document
https://www.milaha.com/en/news-and-media/milaha-partners-microsoft-build-smart-logistics-platform,,error,,,,0,2026-08-09T16:26:42.481187+00:00,,,ValueError: access-block page returned instead of source document
https://www.milaha.com/sites/default/files/2022-03/2018%20Annaul.pdf,https://www.milaha.com/sites/default/files/2022-03/2018%20Annaul.pdf,archived,4e02341bd3f6ea62b9fe2c332eff3b1ef671bc925fc1638b7cb45133e97d5261,data/raw/source_archive/c60d4c0989fe422642db06a5-4e02341bd3f6ea62.pdf,application/pdf,2744735,2026-08-10T13:29:28.291947+00:00,"""622c921d-29e19f""","Sat, 12 Mar 2022 12:29:17 GMT",
https://www.milaha.com/sites/default/files/2022-03/2019%20Annual.pdf,https://www.milaha.com/sites/default/files/2022-03/2019%20Annual.pdf,archived,b58ac2ac2a3765b8fa5b2e94ec3e0f9a863a9cde2ed6a0e76325cf8f6352cf88,data/raw/source_archive/cdcc335a5a369d7d7aebb5fd-b58ac2ac2a3765b8.pdf,application/pdf,5443561,2026-08-10T13:29:28.296767+00:00,"""622c9203-530fe9""","Sat, 12 Mar 2022 12:28:51 GMT",
https://www.milaha.com/sites/default/files/2022-03/2020%20Annual.pdf,https://www.milaha.com/sites/default/files/2022-03/2020%20Annual.pdf,archived,7954cbb446c1f4e28600283c19d902cb24a4ebf37e97bee004c3b60af7b7ecee,data/raw/source_archive/b6f709735fe19fec9c9f371d-7954cbb446c1f4e2.pdf,application/pdf,5411491,2026-08-10T13:29:28.310710+00:00,"""622c91ee-5292a3""","Sat, 12 Mar 2022 12:28:30 GMT",
https://www.milaha.com/sites/default/files/2022-03/2021%20Annual.pdf,https://www.milaha.com/sites/default/files/2022-03/2021%20Annual.pdf,archived,47fdbf9bab5391870423345d01b2ca1767978293197679ec78980b301247de3b,data/raw/source_archive/6ac46f765b5ee07b7c389753-47fdbf9bab539187.pdf,application/pdf,3118342,2026-08-10T13:29:28.328946+00:00,"""622c91d4-2f9506""","Sat, 12 Mar 2022 12:28:04 GMT",
https://www.milaha.com/sites/default/files/2023-03/Milaha-Annual-Report-2022-EN_3.pdf,https://www.milaha.com/sites/default/files/2023-03/Milaha-Annual-Report-2022-EN_3.pdf,archived,df53f39ea10c420cacc35fe47889672bcb6a2048a1a0d9e815c58418116632c9,data/raw/source_archive/b3643381561c86beb043318b-df53f39ea10c420c.pdf,application/pdf,4037551,2026-08-10T13:29:30.320666+00:00,"""640da54d-3d9baf""","Sun, 12 Mar 2023 10:11:25 GMT",
https://www.milaha.com/sites/default/files/2024-03/MILAHA%20ANNUAL%20REPORT%202023_EN.pdf,https://www.milaha.com/sites/default/files/2024-03/MILAHA%20ANNUAL%20REPORT%202023_EN.pdf,archived,812b261fb55613f7810d3438ebd683c80f94024c83e9c76a780cfb40b542b93f,data/raw/source_archive/bca261fd1d32d77ae1081222-812b261fb55613f7.pdf,application/pdf,3051432,2026-08-10T13:29:30.517350+00:00,"""65e9b5a3-2e8fa8""","Thu, 07 Mar 2024 12:40:03 GMT",
https://www.milaha.com/sites/default/files/2025-03/Milaha-Annual-Report-2024-EN_0.pdf,https://www.milaha.com/sites/default/files/2025-03/Milaha-Annual-Report-2024-EN_0.pdf,archived,c8a1b71296410a2fa4ff01d6d5be1fcf51e543555b383d20caf5f4e80dd89ccd,data/raw/source_archive/4ee1f43b8351260024ff44fc-c8a1b71296410a2f.pdf,application/pdf,2831002,2026-08-10T13:29:30.751196+00:00,"""67c578f9-2b329a""","Mon, 03 Mar 2025 09:40:09 GMT",
https://www.milaha.com/sites/default/files/2026-02/Milaha_AR2025_ENG_Book_0.pdf,https://www.milaha.com/sites/default/files/2026-02/Milaha_AR2025_ENG_Book_0.pdf,archived,eb179eb4cbde5cff0eff0d7aec412f1ebf3b07e5560842a6e764c2324f5bad33,data/raw/source_archive/d2de42009b2b8199a6839148-eb179eb4cbde5cff.pdf,application/pdf,11079137,2026-08-10T13:29:30.786407+00:00,"""6993ff44-a90de1""","Tue, 17 Feb 2026 05:40:20 GMT",
https://www.nebrasenergy.qa/annual-reports/?wpdmdl=9251,https://www.nebrasenergy.qa/annual-reports/?wpdmdl=9251,archived,14bfa3a0b72049ed6f658c03c404d8b01d6848e16827a3671de6d80978608551,data/raw/source_archive/72dfac69d6238e1e1ccab161-14bfa3a0b72049ed.pdf,application/pdf,7000158,2026-08-09T16:12:36.439763+00:00,,,
https://www.ooredoo.com/en/media/news_view/ooredoo-deploys-nvidia-accelerated-computing-in-qatar-ushers-in-the-countrys-next-wave-of-innovation/,,error,,,,0,2026-08-09T16:26:42.482775+00:00,,,HTTPError: HTTP Error 403: Forbidden
https://www.ooredoo.com/wp-content/uploads/2023/03/Annual-Report-2022-English.pdf,https://www.ooredoo.com/wp-content/uploads/2023/03/Annual-Report-2022-English.pdf,archived,cd678d930dbb72d42e97c434b65f20d4b20783e37f489629d5b6d9cdf168eb85,data/raw/source_archive/a849c44f9365ae300498da46-cd678d930dbb72d4.pdf,application/pdf,9718398,2026-08-09T16:22:36.109072+00:00,"""944a7e-5f64f1386bd80""","Tue, 07 Mar 2023 13:06:14 GMT",
https://www.ooredoo.com/wp-content/uploads/2025/03/Ooredoo_Annual-Report_2024_English.pdf,https://www.ooredoo.com/wp-content/uploads/2025/03/Ooredoo_Annual-Report_2024_English.pdf,archived,c436fb1b56a681ffbfa19c788f0f1b5134a53f67bf656e53598ba797da2248e2,data/raw/source_archive/715aa86ab13a2a0b6344a56d-c436fb1b56a681ff.pdf,application/pdf,6002049,2026-08-09T16:22:36.110401+00:00,"""5b9581-6300d5cc19af8""","Tue, 11 Mar 2025 09:03:29 GMT",
https://www.ooredoo.com/wp-content/uploads/2026/03/2025-Ooredoo-Annual-Report_English_FINAL.pdf,https://www.ooredoo.com/wp-content/uploads/2026/03/2025-Ooredoo-Annual-Report_English_FINAL.pdf,archived,fcbc91cd05a6885db337777e4a6b58b490f6d32385433c22b6094e5601300eac,data/raw/source_archive/6d27bde6ab2dc3bf4ac35542-fcbc91cd05a6885d.pdf,application/pdf,8236512,2026-08-09T16:22:36.113303+00:00,,"Sun, 08 Mar 2026 07:34:03 GMT",
https://www.qib.com.qa/-/media/project/qib/files/annual-reports/en/qib---annual-report-2025-english.pdf?rev=e5ea1a44acba4b088f35828fa8bc1e3d,https://www.qib.com.qa/-/media/project/qib/files/annual-reports/en/qib---annual-report-2025-english.pdf?rev=e5ea1a44acba4b088f35828fa8bc1e3d,archived,53224f6e96b3e80077eb1d4bb15eccc373b9c1f8445cebf3d7244018399de46c,data/raw/source_archive/e92fa4a08e23a11176c41f06-53224f6e96b3e800.pdf,application/pdf,9624591,2026-08-09T16:24:54.551646+00:00,e987433a234748eaa2b307ce5f2bf12e,"Sun, 07 Jun 2026 03:57:16 GMT",
https://www.qib.com.qa/-/media/project/qib/files/sustainability-report/en/qib-sr-2024_en.pdf?rev=dd7e720596404e7c80ab6064c1d026c8,https://www.qib.com.qa/-/media/project/qib/files/sustainability-report/en/qib-sr-2024_en.pdf?rev=dd7e720596404e7c80ab6064c1d026c8,archived,20ff9bfebf7994475796a0056fbbb1ef1a3130749a9d5aee2a764f610f289082,data/raw/source_archive/f1e7ce60c3fefe89dfc1650e-20ff9bfebf799447.pdf,application/pdf,12103743,2026-08-10T13:29:30.867339+00:00,28399a7750604027b97b54a900d8b802,"Fri, 20 Feb 2026 06:24:44 GMT",
https://www.qib.com.qa/-/media/project/qib/files/sustainability-report/en/qib-sustainable-report_2021_final-3.pdf?rev=15d242a57d254c6f981aa07fa73bdcca,https://www.qib.com.qa/-/media/project/qib/files/sustainability-report/en/qib-sustainable-report_2021_final-3.pdf?rev=15d242a57d254c6f981aa07fa73bdcca,archived,2f47c783733f0f7ed6dd358c960a5d52941d6d03f7dd9653143996aff6745da2,data/raw/source_archive/663f62133b05a5e56bb9011f-2f47c783733f0f7e.pdf,application/pdf,9255628,2026-08-10T13:29:31.821850+00:00,6244ca6631ab47e7923c55c44f845d10,"Fri, 20 Feb 2026 06:26:30 GMT",
https://www.qib.com.qa/en/about-us/media-center/news/news-listing/2024/11/03/qib-expands-international-wallet-transfers-and-enhances-digital-aipowered-features-on-its-mobile-app,https://www.qib.com.qa/en/about-us/media-center/news/news-listing/2024/11/03/qib-expands-international-wallet-transfers-and-enhances-digital-aipowered-features-on-its-mobile-app,archived,65f32b2a69d5a9b191574ae1b14228a5260c98b0c47d8901e8d55c35a6bc8850,data/raw/source_archive/91dbd2349b2e81060ccca6a7-65f32b2a69d5a9b1.html,text/html,143673,2026-08-09T16:24:54.552877+00:00,,,
https://www.qib.com.qa/en/news/qib-introduces-new-features-to-its-first-of-a-kind-ai-virtual-assistant-zaki/,https://www.qib.com.qa/news/qib-introduces-new-features-to-its-first-of-a-kind-ai-virtual-assistant-zaki,archived,de84532f9be739d1153e4af221fc1b216c143014f15bc25557ea7042d38253fc,data/raw/source_archive/3c487474ed350861f419c838-de84532f9be739d1.html,text/html,46946,2026-08-09T16:24:55.759673+00:00,,,
https://www.qnb.com/sites/qnb/qnbglobal/en/en12dec2024news,,error,,,,0,2026-08-09T16:26:42.485665+00:00,,,HTTPError: HTTP Error 403: Forbidden
https://www.qnb.com/sites/qnb/qnbglobal/en/en12feb2024news,,error,,,,0,2026-08-10T15:10:01.847331+00:00,,,HTTPError: HTTP Error 403: Forbidden
https://www.qnb.com/sites/qnb/qnbglobal/en/en13feb2023news,,error,,,,0,2026-08-10T15:10:01.999736+00:00,,,HTTPError: HTTP Error 403: Forbidden
https://www.qnb.com/sites/qnb/qnbglobal/en/ennews03dec18-news,,error,,,,0,2026-08-10T15:10:02.043625+00:00,,,HTTPError: HTTP Error 403: Forbidden
https://www.qnb.com/sites/qnb/qnbglobal/en/ennews13feb2022news,,error,,,,0,2026-08-10T15:10:02.060766+00:00,,,HTTPError: HTTP Error 403: Forbidden
https://www.qnb.com/sites/qnb/qnbglobal/en/financialresultsq42025news,,error,,,,0,2026-08-10T15:10:02.063263+00:00,,,HTTPError: HTTP Error 403: Forbidden
https://www.riyadbank.com/ar/web/annual-reports-2024/esg-review,https://www.riyadbank.com/ar/web/annual-reports-2024/esg-review,archived,720cc5b5a4d376ee7470a74ed22b3e8a4d5dda160a95e6f7251a054af002d705,data/raw/source_archive/4ca83564ce876b9417b16707-720cc5b5a4d376ee.html,text/html,118404,2026-08-09T16:12:52.058374+00:00,,,
https://www.riyadbank.com/web/2022-riyad/esg,https://www.riyadbank.com/web/2022-riyad/esg,archived,f73898bd728847a4dddc6b4e7d0d9be6db7ba7e96101cb08518636c3ba1d7083,data/raw/source_archive/186eb78c759a984c9f26238a-f73898bd728847a4.html,text/html,99274,2026-08-09T16:12:52.064436+00:00,,,
https://www.riyadbank.com/web/annual-reports-2024/chairman-statement,https://www.riyadbank.com/web/annual-reports-2024/chairman-statement,archived,cf6ddcde8411c8b2be5aaab46750601fa638afaf2e4723403136e341b9cf62d1,data/raw/source_archive/7441e08ec0a5ab4a1640750f-cf6ddcde8411c8b2.html,text/html,98230,2026-08-09T16:25:01.603685+00:00,,,
https://www.sabic.com/en/reports/annual-2019,https://www.sabic.com/en/reports/annual-2019,archived,f63160339bcd2baf8b42c89e0dbbb663aadc8ce2cb32906331d1a37fba756243,data/raw/source_archive/3e203f2755156f5566829007-f63160339bcd2baf.html,text/html,54714,2026-08-10T15:06:53.869165+00:00,,,
https://www.sabic.com/en/reports/annual-2020,https://www.sabic.com/en/reports/annual-2020,archived,7308e347d1f8874882f99cb3aa8455cd2d7ebb242a93bfcc1b63fabacc778f78,data/raw/source_archive/9c965c28337aface72656d4a-7308e347d1f88748.html,text/html,54495,2026-08-10T15:06:53.872281+00:00,,,
https://www.sabic.com/en/reports/annual-2021,https://www.sabic.com/en/reports/annual-2021,archived,671ad1fb08c2ca57c51b1bc71c5736b176e702c2229e57db79aed441da19e01b,data/raw/source_archive/0f7c82303ab49603feeb7f74-671ad1fb08c2ca57.html,text/html,54319,2026-08-10T15:06:53.875148+00:00,,,
https://www.sabic.com/en/reports/annual-2022,https://www.sabic.com/en/reports/annual-2022,archived,e10890d1e55041f055163dd4bfd7048f90dd4177baef148ad106ac51ac227dc7,data/raw/source_archive/927ce696f0c60a184a178363-e10890d1e55041f0.html,text/html,54371,2026-08-10T15:06:53.905332+00:00,,,
https://www.sabic.com/en/reports/integrated-report-2023,https://www.sabic.com/en/reports/integrated-report-2023,archived,8194b880663ddd1a589a13493ead5c05c30b8874040d9e577d482e81288e08c7,data/raw/source_archive/7234f574ea263ec44ddd7b8e-8194b880663ddd1a.html,text/html,56491,2026-08-10T15:06:53.907839+00:00,,,
https://www.sabic.com/en/reports/integrated-report-2024,https://www.sabic.com/en/reports/integrated-report-2024,archived,0a981ffaa3e6da80c86d53986eb2b1a995b46ed55ff2b69c0cbf79e4e337d0d0,data/raw/source_archive/9f41f4f4869b8e3b8b69c995-0a981ffaa3e6da80.html,text/html,53587,2026-08-10T15:06:53.908996+00:00,,,
https://www.sabic.com/en/reports/integrated-report-2025,https://www.sabic.com/en/reports/integrated-report-2025,archived,cb932253c5f319457daf89b5020c7518d54d0590179e739eb07e1a3fc30f6bdf,data/raw/source_archive/953d02a831cb775621c83686-cb932253c5f31945.html,text/html,52968,2026-08-10T15:06:56.354991+00:00,,,
https://www.sabic.com/en/reports/sustainability-2018,https://www.sabic.com/en/reports/sustainability-2018,archived,098900115bde5bc4d3b1686d668abe9b2590f373a8089474d77d72efedec9d5e,data/raw/source_archive/01c53a143acdd879b8f7c6a5-098900115bde5bc4.html,text/html,57032,2026-08-10T15:06:56.357874+00:00,,,
https://www.sabic.com/en/reports/sustainability-2021/EHSS/our-approach,https://www.sabic.com/en/reports/sustainability-2021/EHSS/our-approach,archived,b150655f7cdd8e22ffbf188222be045d4b7de61d8f9ef24f4e1cf1d93c61bfed,data/raw/source_archive/1d0525548dfc9651b7184a0d-b150655f7cdd8e22.html,text/html,37490,2026-08-09T16:25:01.648863+00:00,,,
https://www.saudiexchange.sa/Resources/fsPdf/428_0_2026-03-31_13-54-45_En.pdf,https://www.saudiexchange.sa/Resources/fsPdf/428_0_2026-03-31_13-54-45_En.pdf,archived,57cf433cee161fb77b6f047c2c17b57fd9e0c7ec3eaf2421253c7f2e536f6773,data/raw/source_archive/b84b58adccd6fb2829eba53f-57cf433cee161fb7.pdf,application/pdf,5125515,2026-08-09T16:25:02.548409+00:00,"""4e358b-64e52480f8e01""","Tue, 31 Mar 2026 13:52:43 GMT",
https://www.spa.gov.sa/2384412,https://www.spa.gov.sa/2384412,archived,b321c5d3f371662b0c4a4fe8c12cd166e7de1c8529ef63801f245e21654e3336,data/raw/source_archive/4c42431533ca3569ec88ea42-b321c5d3f371662b.html,text/html,172236,2026-08-09T16:25:05.440202+00:00,,,
https://www.stc.com.sa/content/dam/stc/stc-annual-report-2022/en/human-resources.html,https://www.stc.com.sa/content/dam/stc/stc-annual-report-2022/en/human-resources.html,archived,0c1c9c197cc19f6082374a4c6625b8b922c56d9c0fe360501a8dc6f9eca39a2e,data/raw/source_archive/156bfd499e34a4535e59b816-0c1c9c197cc19f60.html,text/html,91607,2026-08-09T16:25:05.445691+00:00,"""1538b-609a189b52a40-gzip""","Wed, 08 Nov 2023 10:27:45 GMT",
https://www.stc.com.sa/content/dam/stc/stc-annual-report-2023/business-model.html,https://www.stc.com.sa/content/dam/stc/stc-annual-report-2023/business-model.html,archived,adac73b1f64dd625d02e78a6ceeaf0572c4bd4234a1439c7ce1012fc20962da4,data/raw/source_archive/2bfc1fd27d36905a634d02b3-adac73b1f64dd625.html,text/html,59714,2026-08-09T16:22:41.919356+00:00,"""d6f7-61bdcc6e64a00-gzip""","Thu, 27 Jun 2024 10:41:44 GMT",
https://www.stc.com.sa/content/dam/stc/stc-annual-report-2024/assets/img/pdfs/business-model.pdf,https://www.stc.com.sa/content/dam/stc/stc-annual-report-2024/assets/img/pdfs/business-model.pdf,archived,a96dfa8bae1608c8b073f71c460464daacf2dced5715b5ba8742739b30af0f2a,data/raw/source_archive/8cc0d2cb527f3862295c2aed-a96dfa8bae1608c8.pdf,application/pdf,61940,2026-08-09T16:12:59.218411+00:00,"""f1f4-6367c1460d980""","Sun, 01 Jun 2025 05:40:06 GMT",
https://www.tabreed.ae/en/news/tabreed-celebrates-25-years-sustainable-progress-worlds-leading-district-cooling-company,https://www.tabreed.ae/en/news/tabreed-celebrates-25-years-sustainable-progress-worlds-leading-district-cooling-company,archived,b11a7745bbbad0d737fe118866c88a841d516deb25fec41e05b6c0f868d96b8f,data/raw/source_archive/a153b9b04cdf8f9f1a8d2cda-b11a7745bbbad0d7.html,text/html,91694,2026-08-09T16:25:05.447363+00:00,,,
https://www.tabreed.ae/en/news/tabreed-extends-partnership-engie-digital-introducing-bespoke-ai-downtown-dubai-district,https://www.tabreed.ae/en/news/tabreed-extends-partnership-engie-digital-introducing-bespoke-ai-downtown-dubai-district,archived,95b823f7741d7da43b57fea3a61b083010119d489852c9be4af000feefd04fdf,data/raw/source_archive/9b5896a536a783cbf60e5acd-95b823f7741d7da4.html,text/html,89948,2026-08-09T16:25:05.452879+00:00,,,
https://www.vodafone.qa/en/about-us/media/press-release/vodafone-qatar-launches-ekyc,,error,,,,0,2026-08-09T16:26:44.816707+00:00,,,HTTPError: HTTP Error 500: Internal Server Error
https://www.vodafone.qa/en/investor-relations/financials/Annual-Report-2023,,error,,,,0,2026-08-09T16:26:44.952262+00:00,,,HTTPError: HTTP Error 500: Internal Server Error
https://www.vodafone.qa/en/investor-relations/financials/Annual-Report-2024,,error,,,,0,2026-08-09T16:26:44.953663+00:00,,,HTTPError: HTTP Error 500: Internal Server Error
https://www.vodafone.qa/en/media/document/1551507073633/vodafone-sustainability-report-2022---arabic.pdf,https://www.vodafone.qa/en/media/document/1551507073633/vodafone-sustainability-report-2022---arabic.pdf,archived,f5c349abdd311e77f5acedac12c8148fa74968380903f1e0bd5b9621c6a50e13,data/raw/source_archive/b7d6cdcb2a669de74d8ed1e1-f5c349abdd311e77.pdf,application/pdf,4841021,2026-08-10T13:29:32.525744+00:00,,"Mon, 10 Aug 2026 13:29:33 GMT",
https://www.woqod.com/fo_api_website/api/images/imagefile?id=191b6e21-1ea8-4629-ace4-70f7f16539d6,https://www.woqod.com/fo_api_website/api/images/imagefile?id=191b6e21-1ea8-4629-ace4-70f7f16539d6,archived,24adcbe170c3b6bf99332fc52e886539c5c8c6c55c8ceee4c4a608777cdf5483,data/raw/source_archive/9aef3053501a31830628e38f-24adcbe170c3b6bf.pdf,application/pdf,3405956,2026-08-09T16:13:01.414851+00:00,,,
https://www.woqod.com/fo_api_website/api/images/imagefile?id=515148c8-7304-4f2d-abda-02122ee9ec5d,https://www.woqod.com/fo_api_website/api/images/imagefile?id=515148c8-7304-4f2d-abda-02122ee9ec5d,archived,579d361adae538dbfc811bba38254b2b9e3cc6858cf6d17a3bbe076a952e4327,data/raw/source_archive/c8ca8d0262bd8dfbcfcb839b-579d361adae538db.pdf,application/pdf,1459259,2026-08-09T16:13:02.034031+00:00,,,
https://www.woqod.com/fo_api_website/api/images/imagefile?id=e2f8adde-d479-489f-8872-2aabdf98bbca,https://www.woqod.com/fo_api_website/api/images/imagefile?id=e2f8adde-d479-489f-8872-2aabdf98bbca,archived,4f4a9c1d06caae41db73a1a72465e00f2e7a8356014229699c2e741b43ad4855,data/raw/source_archive/1c8bde5b2962618b7f8f0426-4f4a9c1d06caae41.pdf,application/pdf,4281435,2026-08-09T16:13:05.781927+00:00,,,
